画像,クラスタ
000000004.jpg,3
000000008.jpg,3
000000009.jpg,1
000000012.jpg,2
000000013.jpg,0
000000014.jpg,0
000000015.jpg,0
000000024.jpg,1
000000025.jpg,0
000000027.jpg,3
000000030.jpg,0
000000032.jpg,0
000000033.jpg,0
000000035.jpg,0
000000036.jpg,0
000000037.jpg,2
000000039.jpg,0
000000042.jpg,3
000000044.jpg,0
000000046.png,0
000000047.jpg,0
000000049.jpg,1
000000051.jpg,0
000000053.jpg,1
000000057.jpg,0
000000058.jpg,3
000000061.jpg,3
000000062.jpg,1
000000063.jpg,3
000000064.jpg,0
000000065.jpg,0
000000066.jpg,2
000000068.png,0
000000071.jpg,2
000000073.jpg,2
000000074.jpg,0
000000075.jpg,0
000000076.jpg,3
000000077.png,0
000000079.jpg,0
000000081.jpg,3
000000083.jpg,3
000000085.jpg,0
000000087.jpg,2
000000088.jpg,0
000000089.jpg,0
000000091.jpg,0
000000095.jpg,1
000000096.jpg,3
000000099.jpg,2
0231.jpg,3
11082_model.jpg,0
11c3e8f77af4816017635bec54112c93.jpg,0
1c4496f93cd260a762c40f647600e57c.jpg,4
201405122119339ab.jpg,0
20151018184350.jpg,0
30_rect480.jpg,0
372a11777421f3a2f6a2f44dc5fe2666.jpg,3
499e56a48cc69957e75dfe425cd55234_w550.jpg,0
4ibynrvanessa119_20100122185644.jpg,2
5268381_model.jpg,0
5268381_model.jpg,0
542.jpg,4
6bf93c5d17c0f058f842aad84d324037.jpg,3
751_1413791704_26926.jpg,0
906_1416501316_19833.jpg,0
C0302-m-01-dl.jpg,4
C0657-m-01-dl.jpg,2
C3405-m-01-dl.jpg,2
DSC0105.jpg,0
IMG_0336.jpg,3
IMG_0459.jpg,3
IMG_0474.jpg,0
IMG_0775.jpg,3
IMG_0796.jpg,1
IMG_0818.jpg,1
IMG_0839.jpg,1
IMG_0887.jpg,0
IMG_0966_1.jpg,2
IMG_4459.jpg,1
IMG_4745.jpg,3
SGE3JmcOG9Q55WW_gFGF7_209.jpg,0
_1_rect255_340_m.jpg,1
_MG_0468.jpg,0
age403.jpg,0
b54-266x300.jpg,4
crop2.jpg,0
images (1).jpg,0
images (3).jpg,2
images (4).jpg,0
img_8bac1e7d863e208e6710a73c02b7bffe102521.jpg,0
m_2013-11-4_a6f920715fa3cd443f3b39ae29c88c47.jpg,1
ma-1_4.jpg,4
mens2014107-20141007_004.jpg,2
mensst140601_7.jpg,0
original.jpg,0
qohjak000000flk1.jpg,3
shifuku1.jpg,1
sms11824_model_3.jpg,2
sms12202_model2.jpg,2
spu12477_m_06-1.jpg,0
tumblr_m8er0leR5r1rntpcfo1_500.jpg,0
88646403_10.jpg,1
BalmainHommeSS2012-SATISFASHION_1.jpg,4
Hermes-Spring-Summer-2013-Menswear-Ready-to-Wear-3.jpg,4
Roberto-Cavalli-Spring--Summer-2013-Collection-For-Men-38.jpg,3
a.jpg,4
b.jpg,1
c.jpg,4
d.jpg,4
e.jpg,4
f.jpg,4
1087069680a.jpg,4
1087069680b.jpg,4
11cbe6b1722c600c428e18.jpg,4
14010-51pz-i1.jpg,0
14010-51pz-i2.jpg,4
2014_Casual_Fashion_Trends_Men_-_99wallpapers1.jpg,4
2014_Casual_Fashion_Trends_Men_-_99wallpapers2.jpg,3
2014_Casual_Fashion_Trends_Men_-_99wallpapers3.jpg,1
450_1000a.jpg,1
450_1000b.jpg,3
7forallmankind1.jpg,0
7forallmankind2.jpg,0
7forallmankind3.jpg,3
Balmain-Menswear-RTW-Fall-Winter-2014-2015-32.jpg,4
Burberry Men Collection1.jpg,4
Burberry Men Collection2.jpg,4
Guys-Guide-To-Clothes1.jpg,4
Guys-Guide-To-Clothes2.jpg,3
Men-Jeans-Fashion1.jpg,4
Men-Jeans-Fashion2.jpg,4
Men-Street-Style-for-HM-2012-2013-1a.png,4
Men-warehouse-fashion1.jpg,1
Men-warehouse-fashion2.jpg,4
Men-warehouse-fashion3.jpg,4
Mens-Fashion-Hairstyle-Male-Fashion-Men-Amazing-Style-Clothes-Hot-Sexy-Shirt-Pants-Hair-Eyes-Man-Mens-Fashion-Riki-Love-Summer-Winter-Trend-Shoes-Belt-Jacket-Street-Style-Boy-Formal-Casual-Semi-Formal-D.jpg,4
acne-studios-2015-2016-fall-autumn-winter-mode-paris-mens-masculine-androgyny-manskirt-sport-leggings-blazer-shorts-windowpane-check-varsity-coat-04x.jpg,2
boy-clothes-fashion-man-Favim.com-200502a.jpg,3
boy-clothes-fashion-man-Favim.com-200502b.jpg,3
boy-clothes-fashion-man-Favim.com-200502c.jpg,1
boy-clothes-fashion-man-Favim.com-200502d.jpg,4
butik-mujskoy-odejdi.jpg,3
fashables-mens-street-style-fashion.jpg,4
look_certo_sobreposicao_verao.jpg,4
mens-fashion-sailor-just-cavalli-cardigan-summer-2011-guy.jpg,4
tall mens fashion (6)a.jpg,4
tall mens fashion (6)b.jpg,0
tall mens fashion (6)c.jpg,4
wpid-Black-Mens-Fashion-2014-2015-0a.jpg,1
wpid-Black-Mens-Fashion-2014-2015-0b.jpg,4
wpid-Black-Mens-Fashion-2014-2015-0c.jpg,3
zip_9316_5.jpg,0
01.png,0
02.jpg,0
1.jpg,0
11517-1-1.jpg,0
15dcb948-s.jpg,0
1r20_2.jpg,0
2.jpg,0
20140210105012209_500.jpg,0
201402202204369ed.jpg,3
2015-11-19_105300.jpg,0
20150206204048900_500.jpg,0
3197861b-s.jpg,0
7.jpg,0
7259.jpg,0
76155db5gw1dtjtka79x0j.jpg,0
96864-311.jpg,1
C0851-m-01-dl.jpg,0
C1625-m-01-dl.jpg,2
IMG_0116.jpg,0
IMG_0197.jpg,3
IMG_1293.jpg,3
IMG_1610.jpg,0
IMG_3098.jpg,0
_MG_0083.jpg,0
_MG_0855.jpg,0
_MG_1917.jpg,0
ar3_1.jpg,3
b9a535db459420259911a340ebed8c12.jpg,0
coorde_model_71.jpg,0
d58b3e4c.jpg,0
duffle-coat-eyecatch.jpg,4
f588a475f919d8dd5247c9bfee8086c3.jpg,0
f77cdc7040fe5060814fde0dbb5548c1-e1271288901230.jpg,0
id%3Dcd11992_1%26w%3D302%26h%3D544.jpg,4
id%3Dcd6715_1%26w%3D300%26h%3D540.jpg,4
idcd2345_1w182h328.jpg,0
img61812468.jpg,0
item_j301_6-2.jpg,0
sms11315-sty4.jpg,0
sms11523_model4.jpg,0
spu10029_model02_l.jpg,0
spu10159_model05_l2.jpg,0
tso12634_s_01c2.jpg,0
tumblr_mbjrn5qSPt1qc57bvo1_500.jpg,0
